,Unnamed: 0,DATE,LATITUDE,LONGITUDE,ELEVATION,TEMP,TEMP_ATTRIBUTES,DEWP,DEWP_ATTRIBUTES,SLP,SLP_ATTRIBUTES,STP,STP_ATTRIBUTES,VISIB,VISIB_ATTRIBUTES,WDSP,WDSP_ATTRIBUTES,MXSPD,GUST,MAX,MIN,PRCP,SNDP,FRSHTT,NumInFlights,NumOutFlights,NumDomesticInFlights,NumInternationalInFlights,NumDomesticOutFlights,NumInternationalOutFlights,TotalPassengers,TotalFlights, NumHospitals, SAHDate,Density,Pop,LandArea,pvi,governorParty,senateParty,State Code,Region,Division,positive,negative,pending,hospitalizedCurrently,hospitalizedCumulative,inIcuCurrently,inIcuCumulative,onVentilatorCurrently,onVentilatorCumulative,recovered,hash,dateChecked,death,hospitalized,total,totalTestResults,posNeg,fips,deathIncrease,hospitalizedIncrease,negativeIncrease,positiveIncrease,totalTestResultsIncrease
0,0,2020-01-01,38.20292927777777,-92.42610652777779,255.45916666666668,39.18888888888889,23.86111111111111,578.5666666666665,22.527777777777782,5006.3833333333305,13.333333333333336,928.241666666667,14.611111111111109,92.49166666666667,21.86111111111111,90.80555555555556,21.83333333333333,100.14166666666668,108.29444444444445,55.79444444444446,27.58888888888889,0.0,999.9000000000008,0.0,5442,5435,5272,170.0,5278,157.0,12397175.0,10877,86,2020-04-06,89.7453,6169270,68742,9,Republican,Republican,MO,Midwest,West North Central,,,,,,,,,,,,,,,,,,,,,,,
1,1,2020-01-02,38.20292927777777,-92.42610652777779,255.45916666666668,46.04166666666667,24.0,589.286111111111,22.66666666666667,5001.786111111109,12.611111111111109,978.8055555555558,17.5,92.33055555555555,22.0,90.56666666666663,21.91666666666667,96.81388888888893,104.08055555555555,53.24166666666665,38.68055555555557,8.3325,999.9000000000008,1388.888888888889,5442,5435,5272,170.0,5278,157.0,12397175.0,10877,86,2020-04-06,89.7453,6169270,68742,9,Republican,Republican,MO,Midwest,West North Central,,,,,,,,,,,,,,,,,,,,,,,
2,2,2020-01-03,38.20292927777777,-92.42610652777779,255.45916666666668,43.31666666666667,24.0,592.6277777777779,22.66666666666667,5005.227777777777,10.5,983.3916666666668,17.63888888888889,90.9166666666667,22.0,87.59444444444443,21.88888888888889,92.81388888888891,617.7444444444446,50.29166666666666,37.89166666666667,8.35361111111111,999.9000000000008,15555.555555555557,5442,5435,5272,170.0,5278,157.0,12397175.0,10877,86,2020-04-06,89.7453,6169270,68742,9,Republican,Republican,MO,Midwest,West North Central,,,,,,,,,,,,,,,,,,,,,,,
3,3,2020-01-04,38.20292927777777,-92.42610652777779,255.45916666666668,36.57777777777777,24.0,580.5333333333335,22.66666666666667,5010.891666666666,12.416666666666664,907.4638888888893,17.52777777777778,92.33055555555555,22.0,90.84444444444445,21.86111111111111,96.40833333333336,130.575,44.14166666666666,30.777777777777782,8.335,999.9000000000008,638.8888888888888,5442,5435,5272,170.0,5278,157.0,12397175.0,10877,86,2020-04-06,89.7453,6169270,68742,9,Republican,Republican,MO,Midwest,West North Central,,,,,,,,,,,,,,,,,,,,,,,
4,4,2020-01-05,38.20292927777777,-92.42610652777779,255.45916666666668,39.16944444444445,23.41666666666667,578.627777777778,22.08333333333333,5012.188888888888,13.333333333333336,853.4361111111115,17.166666666666668,92.48055555555555,21.416666666666668,90.14444444444445,21.36111111111111,97.57777777777777,159.64444444444442,54.43333333333333,29.05,0.0,999.9000000000008,0.0,5442,5435,5272,170.0,5278,157.0,12397175.0,10877,86,2020-04-06,89.7453,6169270,68742,9,Republican,Republican,MO,Midwest,West North Central,,,,,,,,,,,,,,,,,,,,,,,
5,5,2020-01-06,38.20292927777777,-92.42610652777779,255.45916666666668,37.16388888888887,23.91666666666667,578.1111111111109,22.58333333333333,5012.841666666665,12.833333333333336,854.2666666666668,17.27777777777778,92.48888888888891,21.91666666666667,86.46111111111111,21.91666666666667,118.30555555555551,945.155555555556,49.52777777777776,25.475000000000005,0.0,999.9000000000008,0.0,5442,5435,5272,170.0,5278,157.0,12397175.0,10877,86,2020-04-06,89.7453,6169270,68742,9,Republican,Republican,MO,Midwest,West North Central,,,,,,,,,,,,,,,,,,,,,,,
6,6,2020-01-07,38.20292927777777,-92.42610652777779,255.45916666666668,38.52777777777778,24.0,578.9472222222222,22.66666666666667,5011.924999999998,12.777777777777779,853.2000000000003,17.52777777777778,92.49166666666667,22.0,89.01666666666667,21.944444444444446,94.86944444444444,182.27777777777783,50.3638888888889,29.81666666666667,0.0,999.9000000000008,0.0,5442,5435,5272,170.0,5278,157.0,12397175.0,10877,86,2020-04-06,89.7453,6169270,68742,9,Republican,Republican,MO,Midwest,West North Central,,,,,,,,,,,,,,,,,,,,,,,
7,7,2020-01-08,38.20292927777777,-92.42610652777779,255.45916666666668,39.647222222222226,24.0,576.9583333333333,22.66666666666667,5013.76111111111,13.333333333333336,827.713888888889,17.52777777777778,92.48888888888891,22.0,89.51666666666668,21.88888888888889,95.71111111111112,237.9388888888889,52.94722222222222,28.6,2.7775,999.9000000000008,305.5555555555556,5442,5435,5272,170.0,5278,157.0,12397175.0,10877,86,2020-04-06,89.7453,6169270,68742,9,Republican,Republican,MO,Midwest,West North Central,,,,,,,,,,,,,,,,,,,,,,,
8,8,2020-01-09,38.20292927777777,-92.42610652777779,255.45916666666668,51.01666666666666,23.88888888888889,589.0388888888891,22.555555555555557,5008.799999999998,12.138888888888891,876.6722222222224,17.305555555555557,92.43333333333337,21.88888888888889,95.42222222222223,21.694444444444446,102.3472222222222,111.925,59.49444444444442,41.558333333333344,19.444722222222218,999.9000000000008,4167.5,5442,5435,5272,170.0,5278,157.0,12397175.0,10877,86,2020-04-06,89.7453,6169270,68742,9,Republican,Republican,MO,Midwest,West North Central,,,,,,,,,,,,,,,,,,,,,,,
9,9,2020-01-10,38.159606864864884,-92.36008554054054,251.04135135135135,52.38378378378378,23.459459459459463,587.2675675675675,22.16216216216216,5143.018918918918,7.378378378378378,933.4405405405406,17.378378378378383,88.12162162162161,21.513513513513512,115.19189189189188,21.297297297297302,123.56216216216215,156.98648648648648,60.575675675675676,44.543243243243225,38.09405405405406,945.9378378378384,33412.16216216216,5442,5435,5272,170.0,5278,157.0,12397175.0,10877,86,2020-04-06,89.7453,6169270,68742,9,Republican,Republican,MO,Midwest,West North Central,,,,,,,,,,,,,,,,,,,,,,,
10,10,2020-01-11,38.20292927777777,-92.42610652777779,255.45916666666668,34.53055555555557,23.63888888888889,586.5277777777775,22.25,5007.149999999999,7.333333333333332,985.805555555556,17.583333333333332,88.63611111111109,21.58333333333333,92.58888888888892,21.61111111111111,101.76944444444445,110.84166666666668,50.04444444444444,24.922222222222228,37.36888888888889,888.9861111111118,37117.22222222222,5442,5435,5272,170.0,5278,157.0,12397175.0,10877,86,2020-04-06,89.7453,6169270,68742,9,Republican,Republican,MO,Midwest,West North Central,,,,,,,,,,,,,,,,,,,,,,,
11,11,2020-01-12,38.186355828571436,-92.38685242857143,255.80942857142855,26.34,23.42857142857143,593.8542857142853,22.057142857142853,4870.271428571427,11.2,849.6457142857142,17.571428571428573,93.82857142857141,21.37142857142857,90.52857142857141,21.257142857142856,154.03142857142853,383.9314285714285,32.26000000000001,22.611428571428576,28.725142857142853,914.3971428571432,7485.714285714284,5442,5435,5272,170.0,5278,157.0,12397175.0,10877,86,2020-04-06,89.7453,6169270,68742,9,Republican,Republican,MO,Midwest,West North Central,,,,,,,,,,,,,,,,,,,,,,,
12,12,2020-01-13,38.20697400000001,-92.3324415277778,252.39527777777775,33.58888888888889,23.41666666666667,861.963888888889,21.83333333333333,5013.013888888887,11.194444444444445,826.9333333333333,17.083333333333332,90.62777777777777,21.416666666666668,88.87777777777775,21.11111111111111,95.31944444444444,400.6722222222222,42.3888888888889,27.9,5.5555555555555545,861.2138888888893,39750.0,5442,5435,5272,170.0,5278,157.0,12397175.0,10877,86,2020-04-06,89.7453,6169270,68742,9,Republican,Republican,MO,Midwest,West North Central,,,,,,,,,,,,,,,,,,,,,,,
13,13,2020-01-14,38.22697470270271,-92.34191608108108,251.47108108108108,41.60810810810811,23.540540540540537,846.5810810810809,21.594594594594593,4903.343243243242,10.756756756756756,856.4297297297297,17.45945945945946,88.06756756756758,21.540540540540537,84.97567567567569,21.513513513513512,91.16486486486488,575.9513513513514,50.456756756756754,34.224324324324314,5.407297297297297,918.9972972972977,46783.78378378379,5442,5435,5272,170.0,5278,157.0,12397175.0,10877,86,2020-04-06,89.7453,6169270,68742,9,Republican,Republican,MO,Midwest,West North Central,,,,,,,,,,,,,,,,,,,,,,,
14,14,2020-01-15,38.251462552631594,-92.32813586842106,251.45473684210532,47.55000000000001,23.47368421052632,568.8605263157897,21.97368421052632,5036.328947368421,9.68421052631579,885.0078947368422,17.368421052631582,85.40789473684211,21.552631578947373,84.32368421052631,21.52631578947368,92.42631578947369,280.2368421052632,55.13421052631581,38.97631578947369,2.6323684210526315,999.9000000000008,38157.894736842114,5442,5435,5272,170.0,5278,157.0,12397175.0,10877,86,2020-04-06,89.7453,6169270,68742,9,Republican,Republican,MO,Midwest,West North Central,,,,,,,,,,,,,,,,,,,,,,,
15,15,2020-01-16,38.20911735897437,-92.26801264102563,247.3661538461539,30.117948717948714,23.512820512820515,534.2333333333332,21.974358974358974,5173.741025641024,12.1025641025641,490.428205128205,16.923076923076927,85.7,21.66666666666667,110.63846153846157,21.46153846153846,116.08717948717951,146.60000000000005,44.12051282051282,21.46153846153847,0.0005128205128205128,999.9000000000008,10256.410256410256,5442,5435,5272,170.0,5278,157.0,12397175.0,10877,86,2020-04-06,89.7453,6169270,68742,9,Republican,Republican,MO,Midwest,West North Central,,,,,,,,,,,,,,,,,,,,,,,
16,16,2020-01-17,38.20911735897437,-92.26801264102563,247.3661538461539,29.63333333333333,23.33333333333333,534.1282051282051,22.102564102564106,5172.1846153846145,11.153846153846152,666.9461538461541,16.71794871794872,84.75384615384617,21.384615384615387,110.50769230769228,21.256410256410252,116.21025641025645,172.6076923076923,34.57692307692308,25.402564102564106,30.82102564102564,999.9000000000008,13051.28205128205,5442,5435,5272,170.0,5278,157.0,12397175.0,10877,86,2020-04-06,89.7453,6169270,68742,9,Republican,Republican,MO,Midwest,West North Central,,,,,,,,,,,,,,,,,,,,,,,
17,17,2020-01-18,38.20911735897437,-92.26801264102563,247.3661538461539,38.774358974358975,23.33333333333333,544.5179487179487,21.974358974358974,5164.0102564102535,9.461538461538463,913.394871794872,16.846153846153847,84.41025641025645,21.487179487179485,113.34102564102562,21.23076923076923,121.8102564102564,131.3282051282051,48.65384615384616,30.20000000000001,36.49076923076923,999.9000000000008,14153.846153846154,5442,5435,5272,170.0,5278,157.0,12397175.0,10877,86,2020-04-06,89.7453,6169270,68742,9,Republican,Republican,MO,Midwest,West North Central,,,,,,,,,,,,,,,,,,,,,,,
18,18,2020-01-19,38.251462552631594,-92.32813586842106,251.45473684210532,23.363157894736837,23.842105263157894,534.157894736842,22.578947368421048,5043.771052631579,13.26315789473684,657.5368421052632,17.210526315789473,88.14736842105266,21.947368421052627,88.97894736842102,21.947368421052627,94.54736842105265,102.72894736842106,32.67631578947368,16.705263157894734,2.6710526315789482,999.9000000000008,26.315789473684212,5442,5435,5272,170.0,5278,157.0,12397175.0,10877,86,2020-04-06,89.7453,6169270,68742,9,Republican,Republican,MO,Midwest,West North Central,,,,,,,,,,,,,,,,,,,,,,,
19,19,2020-01-20,38.20911735897437,-92.26801264102563,247.3661538461539,17.174358974358974,23.35897435897436,521.8384615384616,22.128205128205128,5174.107692307693,11.435897435897436,516.2769230769229,16.846153846153847,85.22564102564101,21.487179487179485,107.33589743589741,21.102564102564106,111.28205128205126,823.3564102564106,22.889743589743592,13.24358974358974,33.330512820512816,948.6846153846159,3307.6923076923076,5442,5435,5272,170.0,5278,157.0,12397175.0,10877,86,2020-04-06,89.7453,6169270,68742,9,Republican,Republican,MO,Midwest,West North Central,,,,,,,,,,,,,,,,,,,,,,,
20,20,2020-01-21,38.251447868421046,-92.32790236842104,251.50973684210533,20.268421052631574,23.86842105263158,539.7421052631579,22.605263157894736,5046.742105263157,11.68421052631579,529.4052631578949,17.342105263157894,87.82631578947371,21.97368421052632,83.89473684210526,21.76315789473684,89.56842105263156,715.2710526315793,32.294736842105266,12.578947368421051,26.31894736842105,947.3368421052637,473.68421052631584,5442,5435,5272,170.0,5278,157.0,12397175.0,10877,86,2020-04-06,89.7453,6169270,68742,9,Republican,Republican,MO,Midwest,West North Central,,,,,,,,,,,,,,,,,,,,,,,
21,21,2020-01-22,38.251447868421046,-92.32790236842104,251.50973684210533,29.992105263157892,23.894736842105264,548.0657894736842,22.52631578947368,5039.492105263157,11.947368421052632,835.8342105263159,17.157894736842106,87.38947368421051,22.0,86.50263157894737,21.894736842105264,90.7342105263158,380.2342105263157,34.26842105263156,25.22894736842105,28.947631578947373,973.618421052632,7447.368421052632,5442,5435,5272,170.0,5278,157.0,12397175.0,10877,86,2020-04-06,89.7453,6169270,68742,9,Republican,Republican,MO,Midwest,West North Central,,,,,,,,,,,,,,,,,,,,,,,
22,22,2020-01-23,38.23264916216217,-92.31830513513512,252.41000000000003,33.98918918918919,24.0,840.5729729729727,22.05405405405405,4900.918918918917,8.837837837837839,906.983783783784,17.135135135135137,86.51891891891893,22.027027027027025,86.23513513513511,21.94594594594595,117.67837837837835,654.8324324324326,36.15945945945944,31.99189189189189,35.23567567567568,945.9162162162168,30729.72972972973,5442,5435,5272,170.0,5278,157.0,12397175.0,10877,86,2020-04-06,89.7453,6169270,68742,9,Republican,Republican,MO,Midwest,West North Central,,,,,,,,,,,,,,,,,,,,,,,
23,23,2020-01-24,38.251447868421046,-92.32790236842104,251.50973684210533,34.00263157894737,23.52631578947368,557.2894736842106,22.23684210526316,5033.263157894736,7.947368421052633,959.8000000000003,17.07894736842105,82.76578947368421,21.605263157894736,84.55263157894737,21.473684210526315,90.45526315789476,277.2763157894737,298.6921052631579,294.9421052631579,34.35421052631579,894.9368421052638,47078.94736842105,5442,5435,5272,170.0,5278,157.0,12397175.0,10877,86,2020-04-06,89.7453,6169270,68742,9,Republican,Republican,MO,Midwest,West North Central,,,,,,,,,,,,,,,,,,,,,,,
24,24,2020-01-25,38.251447868421046,-92.32790236842104,251.50973684210533,33.70526315789473,24.0,553.6105263157895,22.73684210526316,5036.515789473683,10.894736842105265,885.1078947368422,17.368421052631582,87.09736842105268,22.105263157894736,85.28157894736842,21.894736842105264,89.43947368421055,328.4921052631578,38.35,30.81052631578947,13.196578947368419,894.8868421052638,4394.736842105263,5442,5435,5272,170.0,5278,157.0,12397175.0,10877,86,2020-04-06,89.7453,6169270,68742,9,Republican,Republican,MO,Midwest,West North Central,,,,,,,,,,,,,,,,,,,,,,,
25,25,2020-01-26,38.251447868421046,-92.32790236842104,251.50973684210533,34.51578947368422,23.894736842105264,555.0263157894733,22.63157894736842,5035.610526315788,12.526315789473687,910.2131578947369,17.131578947368418,86.4842105263158,22.0,80.9105263157895,22.0,137.90526315789472,974.0368421052639,44.928947368421056,26.69210526315789,5.262631578947368,921.1473684210533,19210.526315789473,5442,5435,5272,170.0,5278,157.0,12397175.0,10877,86,2020-04-06,89.7453,6169270,68742,9,Republican,Republican,MO,Midwest,West North Central,,,,,,,,,,,,,,,,,,,,,,,
26,26,2020-01-27,38.251447868421046,-92.32790236842104,251.50973684210533,35.60263157894738,23.47368421052632,556.7000000000003,22.210526315789476,5035.223684210525,10.5,909.8500000000003,16.842105263157894,84.31315789473685,21.578947368421048,82.01842105263155,21.473684210526315,86.9842105263158,896.1210526315795,44.72105263157895,28.363157894736837,2.6339473684210533,947.3368421052638,58184.210526315794,5442,5435,5272,170.0,5278,157.0,12397175.0,10877,86,2020-04-06,89.7453,6169270,68742,9,Republican,Republican,MO,Midwest,West North Central,,,,,,,,,,,,,,,,,,,,,,,
27,27,2020-01-28,38.251447868421046,-92.32790236842104,251.50973684210533,32.21578947368422,23.78947368421053,554.9210526315792,22.52631578947368,5037.157894736841,10.078947368421053,859.5605263157896,16.94736842105263,84.43684210526321,21.894736842105264,83.7578947368421,21.894736842105264,86.78947368421055,896.3605263157901,37.965789473684204,29.63947368421053,15.787894736842105,947.3578947368428,36394.73684210527,5442,5435,5272,170.0,5278,157.0,12397175.0,10877,86,2020-04-06,89.7453,6169270,68742,9,Republican,Republican,MO,Midwest,West North Central,,,,,,,,,,,,,,,,,,,,,,,
28,28,2020-01-29,38.251447868421046,-92.32790236842104,251.50973684210533,31.15263157894737,23.97368421052632,553.5947368421049,22.710526315789476,5037.621052631577,9.5,860.1263157894739,17.368421052631582,84.67894736842105,22.078947368421048,84.03157894736844,22.052631578947373,87.06578947368423,948.118421052632,33.5421052631579,29.121052631578944,36.877368421052616,947.3368421052637,5210.526315789473,5442,5435,5272,170.0,5278,157.0,12397175.0,10877,86,2020-04-06,89.7453,6169270,68742,9,Republican,Republican,MO,Midwest,West North Central,,,,,,,,,,,,,,,,,,,,,,,
29,29,2020-01-30,38.251447868421046,-92.32790236842104,251.50973684210533,32.20263157894736,24.0,553.4763157894737,22.73684210526316,5038.702631578944,11.078947368421053,835.263157894737,16.315789473684212,86.76315789473686,22.105263157894736,81.3342105263158,22.02631578947368,111.38421052631584,974.0868421052638,36.92105263157894,29.639473684210525,18.44394736842105,973.618421052632,5710.526315789472,5442,5435,5272,170.0,5278,157.0,12397175.0,10877,86,2020-04-06,89.7453,6169270,68742,9,Republican,Republican,MO,Midwest,West North Central,,,,,,,,,,,,,,,,,,,,,,,
30,30,2020-01-31,38.251447868421046,-92.32790236842104,251.50973684210533,36.86578947368421,23.921052631578952,558.11052631579,22.657894736842106,5037.186842105261,9.868421052631579,859.7921052631583,16.894736842105264,85.93157894736844,22.02631578947368,82.42368421052629,21.921052631578952,86.54473684210528,896.2789473684214,42.46052631578947,33.15,15.791052631578946,999.9000000000008,14000.0,5442,5435,5272,170.0,5278,157.0,12397175.0,10877,86,2020-04-06,89.7453,6169270,68742,9,Republican,Republican,MO,Midwest,West North Central,,,,,,,,,,,,,,,,,,,,,,,
31,31,2020-02-01,38.251447868421046,-92.32790236842104,251.50973684210533,38.71052631578947,24.0,556.8763157894738,22.73684210526316,5036.234210526314,12.0,884.8500000000005,15.789473684210524,87.07368421052635,22.105263157894736,83.4,22.105263157894736,89.7421052631579,456.5684210526316,48.802631578947384,31.68684210526316,5.265526315789474,999.9000000000008,19210.526315789473,5442,5435,5272,170.0,5278,157.0,12397175.0,10877,86,2020-04-06,89.7453,6169270,68742,9,Republican,Republican,MO,Midwest,West North Central,,,,,,,,,,,,,,,,,,,,,,,
32,32,2020-02-02,38.251447868421046,-92.32790236842104,251.50973684210533,49.47105263157894,23.947368421052627,557.3315789473687,22.684210526315788,5032.073684210525,13.157894736842106,958.6657894736844,17.184210526315788,88.14736842105266,22.052631578947373,85.87894736842105,22.02631578947368,90.32105263157897,406.32631578947365,67.74736842105266,36.94736842105263,0.0,999.9000000000008,0.0,5442,5435,5272,170.0,5278,157.0,12397175.0,10877,86,2020-04-06,89.7453,6169270,68742,9,Republican,Republican,MO,Midwest,West North Central,,,,,,,,,,,,,,,,,,,,,,,
33,33,2020-02-03,38.26507741025642,-92.36564846153848,251.29666666666668,53.323076923076925,23.487179487179485,547.7256410256412,22.256410256410255,5156.571794871792,12.846153846153848,981.0384615384621,16.871794871794872,86.13333333333334,21.64102564102564,84.18717948717949,21.538461538461537,92.25641025641023,175.03076923076924,66.87179487179489,42.597435897435886,0.0,999.9000000000008,256.4102564102564,5442,5435,5272,170.0,5278,157.0,12397175.0,10877,86,2020-04-06,89.7453,6169270,68742,9,Republican,Republican,MO,Midwest,West North Central,,,,,,,,,,,,,,,,,,,,,,,
34,34,2020-02-04,38.26507741025642,-92.36564846153848,251.29666666666668,42.225641025640996,23.974358974358967,547.2435897435896,22.743589743589745,5159.710256410256,10.538461538461537,985.492307692308,17.46153846153846,84.92564102564101,22.128205128205128,85.4974358974359,22.051282051282055,90.90769230769232,147.16153846153853,55.661538461538456,34.18205128205128,33.41307692307692,999.9000000000008,7743.589743589742,5442,5435,5272,170.0,5278,157.0,12397175.0,10877,86,2020-04-06,89.7453,6169270,68742,9,Republican,Republican,MO,Midwest,West North Central,,,,,,,,,,,,,,,,,,,,,,,
35,35,2020-02-05,38.26507741025642,-92.36564846153848,251.29666666666668,31.723076923076924,23.794871794871803,537.8769230769229,22.56410256410257,5162.512820512819,9.23076923076923,988.369230769231,17.307692307692307,83.66923076923077,21.948717948717945,85.07948717948719,21.897435897435894,114.8205128205128,170.5794871794872,34.82564102564102,29.382051282051282,33.44846153846153,948.7051282051287,20435.897435897437,5442,5435,5272,170.0,5278,157.0,12397175.0,10877,86,2020-04-06,89.7453,6169270,68742,9,Republican,Republican,MO,Midwest,West North Central,,,,,,,,,,,,,,,,,,,,,,,
36,36,2020-02-06,38.251447868421046,-92.32790236842104,251.50973684210533,28.592105263157894,24.0,548.2552631578945,22.73684210526316,5030.034210526314,10.947368421052632,982.1184210526317,17.526315789473685,87.15526315789478,22.105263157894736,84.51842105263158,21.947368421052627,88.4447368421053,715.4868421052635,33.697368421052644,24.15263157894737,36.94157894736842,973.618421052632,2315.7894736842104,5442,5435,5272,170.0,5278,157.0,12397175.0,10877,86,2020-04-06,89.7453,6169270,68742,9,Republican,Republican,MO,Midwest,West North Central,,,,,,,,,,,,,,,,,,,,,,,
37,37,2020-02-07,38.251447868421046,-92.32790236842104,251.50973684210533,29.168421052631572,23.921052631578952,547.0184210526315,22.657894736842106,5030.949999999998,12.394736842105265,983.0210526315793,17.236842105263158,87.9105263157895,22.02631578947368,83.40789473684212,22.02631578947368,88.56052631578949,585.971052631579,38.72368421052633,21.873684210526317,21.051578947368426,947.3368421052638,2500.0,5442,5435,5272,170.0,5278,157.0,12397175.0,10877,86,2020-04-06,89.7453,6169270,68742,9,Republican,Republican,MO,Midwest,West North Central,,,,,,,,,,,,,,,,,,,,,,,
38,38,2020-02-08,38.251447868421046,-92.32790236842104,251.50973684210533,31.842105263157894,23.947368421052627,548.2842105263159,22.684210526315788,5037.92894736842,12.157894736842106,834.084210526316,17.315789473684212,87.93947368421053,22.052631578947373,83.81315789473685,21.894736842105264,88.54736842105267,663.6263157894739,41.51315789473684,23.842105263157894,7.898684210526315,973.618421052632,684.2105263157895,5442,5435,5272,170.0,5278,157.0,12397175.0,10877,86,2020-04-06,89.7453,6169270,68742,9,Republican,Republican,MO,Midwest,West North Central,,,,,,,,,,,,,,,,,,,,,,,
39,39,2020-02-09,38.251447868421046,-92.32790236842104,251.50973684210533,42.33421052631577,23.815789473684212,558.1921052631576,22.552631578947373,5036.118421052632,11.973684210526313,858.0526315789474,17.157894736842106,87.75263157894739,21.921052631578952,87.56052631578945,21.86842105263158,94.36842105263158,179.64210526315787,55.657894736842096,32.27368421052631,26.323157894736838,999.9000000000008,7448.157894736842,5442,5435,5272,170.0,5278,157.0,12397175.0,10877,86,2020-04-06,89.7453,6169270,68742,9,Republican,Republican,MO,Midwest,West North Central,,,,,,,,,,,,,,,,,,,,,,,
40,40,2020-02-10,38.251447868421046,-92.32790236842104,251.50973684210533,37.2342105263158,23.97368421052632,557.5947368421051,22.710526315789476,5037.299999999998,10.131578947368421,859.7684210526319,17.5,86.18947368421055,22.078947368421048,85.52631578947364,22.0,91.62631578947371,251.86315789473682,50.63421052631578,30.08947368421052,31.75763157894737,999.9000000000008,17658.157894736843,5442,5435,5272,170.0,5278,157.0,12397175.0,10877,86,2020-04-06,89.7453,6169270,68742,9,Republican,Republican,MO,Midwest,West North Central,,,,,,,,,,,,,,,,,,,,,,,
41,41,2020-02-11,38.251447868421046,-92.32790236842104,251.50973684210533,35.902631578947364,23.815789473684212,553.2526315789473,22.552631578947373,5039.189473684209,12.605263157894735,835.9447368421056,17.263157894736842,87.01578947368424,21.894736842105264,83.4684210526316,21.894736842105264,88.93947368421055,586.1578947368423,42.69999999999999,31.62105263157893,21.081578947368413,999.9000000000008,3210.5263157894733,5442,5435,5272,170.0,5278,157.0,12397175.0,10877,86,2020-04-06,89.7453,6169270,68742,9,Republican,Republican,MO,Midwest,West North Central,,,,,,,,,,,,,,,,,,,,,,,
42,42,2020-02-12,38.251447868421046,-92.32790236842104,251.50973684210533,34.392105263157895,23.76315789473684,554.4815789473681,22.5,5036.189473684208,10.631578947368421,910.1342105263161,16.94736842105263,85.68684210526318,21.86842105263158,82.10526315789471,21.76315789473684,87.08947368421053,896.3921052631582,39.10526315789474,31.69736842105264,34.2278947368421,921.0973684210533,20526.315789473683,5442,5435,5272,170.0,5278,157.0,12397175.0,10877,86,2020-04-06,89.7453,6169270,68742,9,Republican,Republican,MO,Midwest,West North Central,,,,,,,,,,,,,,,,,,,,,,,
43,43,2020-02-13,38.251447868421046,-92.32790236842104,251.50973684210533,23.94473684210526,23.184210526315788,543.4289473684212,21.921052631578952,5038.923684210525,10.052631578947368,834.5947368421054,17.026315789473685,86.64736842105266,21.07894736842105,87.92368421052629,21.236842105263158,95.47105263157894,102.77368421052631,35.34999999999999,12.660526315789475,37.10947368421053,921.118421052632,6526.315789473684,5442,5435,5272,170.0,5278,157.0,12397175.0,10877,86,2020-04-06,89.7453,6169270,68742,9,Republican,Republican,MO,Midwest,West North Central,,,,,,,,,,,,,,,,,,,,,,,
44,44,2020-02-14,38.251447868421046,-92.32790236842104,251.50973684210533,13.639473684210525,22.86842105263158,528.5710526315788,21.605263157894736,5281.655263157894,12.526315789473687,580.3947368421052,16.684210526315788,88.1342105263158,20.526315789473685,83.7736842105263,20.94736842105263,88.3342105263158,793.0526315789479,29.197368421052627,4.365789473684211,0.001842105263157895,947.3789473684217,52.631578947368425,5442,5435,5272,170.0,5278,157.0,12397175.0,10877,86,2020-04-06,89.7453,6169270,68742,9,Republican,Republican,MO,Midwest,West North Central,,,,,,,,,,,,,,,,,,,,,,,
45,45,2020-02-15,38.23887429729729,-92.29487270270269,251.1397297297298,32.35405405405405,23.216216216216218,558.6621621621622,21.91891891891892,5148.027027027025,12.675675675675675,831.756756756757,16.972972972972972,90.25945945945946,21.24324324324324,88.65135135135138,21.18918918918919,94.12702702702705,179.7837837837838,45.227027027027034,22.98918918918919,0.0,945.9162162162168,0.0,5442,5435,5272,170.0,5278,157.0,12397175.0,10877,86,2020-04-06,89.7453,6169270,68742,9,Republican,Republican,MO,Midwest,West North Central,,,,,,,,,,,,,,,,,,,,,,,
46,46,2020-02-16,38.23887429729729,-92.29487270270269,251.1397297297298,39.859459459459465,23.64864864864865,569.1405405405404,22.35135135135135,5145.583783783783,12.675675675675675,856.0540540540543,16.83783783783784,89.78918918918919,21.702702702702698,83.66486486486487,21.675675675675677,88.47027027027029,920.1000000000003,53.43513513513515,27.872972972972974,0.0,945.9378378378384,10810.81081081081,5442,5435,5272,170.0,5278,157.0,12397175.0,10877,86,2020-04-06,89.7453,6169270,68742,9,Republican,Republican,MO,Midwest,West North Central,,,,,,,,,,,,,,,,,,,,,,,
47,47,2020-02-17,38.251447868421046,-92.32790236842104,251.50973684210533,45.86842105263157,23.73684210526316,563.9763157894735,22.47368421052632,5033.3815789473665,10.947368421052632,933.7947368421055,17.07894736842105,87.30263157894741,21.815789473684212,83.87368421052632,21.78947368421053,88.11052631578951,741.8473684210528,54.534210526315796,39.23947368421054,10.534210526315787,973.618421052632,20526.315789473683,5442,5435,5272,170.0,5278,157.0,12397175.0,10877,86,2020-04-06,89.7453,6169270,68742,9,Republican,Republican,MO,Midwest,West North Central,,,,,,,,,,,,,,,,,,,,,,,
48,48,2020-02-18,38.251447868421046,-92.32790236842104,251.50973684210533,41.802631578947356,23.815789473684212,559.5499999999997,22.552631578947373,5038.0526315789475,11.157894736842103,834.1263157894739,17.263157894736842,87.18157894736841,21.894736842105264,87.0342105263158,21.894736842105264,93.81842105263156,126.45789473684212,52.94473684210524,34.22105263157894,13.183684210526314,999.9000000000008,39473.68421052631,5442,5435,5272,170.0,5278,157.0,12397175.0,10877,86,2020-04-06,89.7453,6169270,68742,9,Republican,Republican,MO,Midwest,West North Central,,,,,,,,,,,,,,,,,,,,,,,
49,49,2020-02-19,38.251447868421046,-92.32790236842104,251.50973684210533,33.6842105263158,23.86842105263158,549.0210526315789,22.605263157894736,5044.371052631577,12.947368421052632,632.1210526315788,17.184210526315788,88.0842105263158,21.97368421052632,84.33684210526316,21.97368421052632,89.56315789473686,456.7210526315789,44.76052631578949,25.292105263157893,0.0007894736842105263,999.9000000000008,0.0,5442,5435,5272,170.0,5278,157.0,12397175.0,10877,86,2020-04-06,89.7453,6169270,68742,9,Republican,Republican,MO,Midwest,West North Central,,,,,,,,,,,,,,,,,,,,,,,
50,50,2020-02-20,38.251447868421046,-92.32790236842104,251.50973684210533,30.860526315789475,23.921052631578952,544.2763157894738,22.657894736842106,5046.944736842103,12.210526315789476,451.142105263158,17.210526315789473,87.87894736842105,22.0,88.12894736842105,22.0,92.51315789473685,97.8,39.28157894736842,24.397368421052644,15.788947368421054,999.9000000000008,1315.7894736842104,5442,5435,5272,170.0,5278,157.0,12397175.0,10877,86,2020-04-06,89.7453,6169270,68742,9,Republican,Republican,MO,Midwest,West North Central,,,,,,,,,,,,,,,,,,,,,,,
51,51,2020-02-21,38.251447868421046,-92.32790236842104,251.50973684210533,26.14473684210527,23.578947368421048,536.4499999999998,22.315789473684212,5047.8736842105245,12.947368421052632,452.07894736842087,17.026315789473685,88.14473684210527,21.710526315789476,83.26052631578945,21.63157894736842,89.18684210526318,560.8157894736842,42.226315789473674,14.310526315789472,0.0,999.9000000000008,0.0,5442,5435,5272,170.0,5278,157.0,12397175.0,10877,86,2020-04-06,89.7453,6169270,68742,9,Republican,Republican,MO,Midwest,West North Central,,,,,,,,,,,,,,,,,,,,,,,
52,52,2020-02-22,38.251447868421046,-92.32790236842104,251.50973684210533,35.83157894736843,23.76315789473684,543.0342105263156,22.5,5041.586842105263,13.078947368421053,786.2894736842109,17.05263157894737,88.13684210526317,21.86842105263158,85.35526315789474,21.815789473684212,91.22894736842105,277.2157894736842,52.41315789473683,23.207894736842107,0.0,999.9000000000008,0.0,5442,5435,5272,170.0,5278,157.0,12397175.0,10877,86,2020-04-06,89.7453,6169270,68742,9,Republican,Republican,MO,Midwest,West North Central,,,,,,,,,,,,,,,,,,,,,,,
53,53,2020-02-23,38.251447868421046,-92.32790236842104,251.50973684210533,46.323684210526295,23.78947368421053,555.6236842105262,22.52631578947368,5036.3657894736825,13.18421052631579,858.8210526315793,17.210526315789473,88.07894736842105,21.894736842105264,84.73684210526315,21.76315789473684,88.7842105263158,663.3315789473688,57.713157894736845,37.71315789473685,13.156578947368422,999.9000000000008,2631.578947368421,5442,5435,5272,170.0,5278,157.0,12397175.0,10877,86,2020-04-06,89.7453,6169270,68742,9,Republican,Republican,MO,Midwest,West North Central,,,,,,,,,,,,,,,,,,,,,,,
54,54,2020-02-24,38.251447868421046,-92.32790236842104,251.50973684210533,45.494736842105276,23.421052631578952,566.4026315789474,22.052631578947373,5031.081578947368,9.31578947368421,983.2184210526317,16.894736842105264,85.08157894736844,21.52631578947368,86.21315789473681,21.5,91.87368421052629,252.5763157894736,53.98157894736842,41.547368421052624,34.47026315789474,999.9000000000008,16871.315789473683,5442,5435,5272,170.0,5278,157.0,12397175.0,10877,86,2020-04-06,89.7453,6169270,68742,9,Republican,Republican,MO,Midwest,West North Central,,,,,,,,,,,,,,,,,,,,,,,
55,55,2020-02-25,38.251447868421046,-92.32790236842104,251.50973684210533,39.7078947368421,23.578947368421048,561.3368421052631,22.315789473684212,5032.565789473682,10.710526315789474,985.3526315789476,17.263157894736842,85.87631578947371,21.684210526315788,86.63157894736842,21.657894736842106,90.67894736842106,199.5447368421053,45.731578947368405,35.605263157894726,34.42605263157895,999.9000000000008,11026.315789473683,5442,5435,5272,170.0,5278,157.0,12397175.0,10877,86,2020-04-06,89.7453,6169270,68742,9,Republican,Republican,MO,Midwest,West North Central,,,,,,,,,,,,,,,,,,,,,,,
56,56,2020-02-26,38.251447868421046,-92.32790236842104,251.50973684210533,34.27105263157896,23.26315789473684,552.8631578947368,22.0,5038.613157894735,10.31578947368421,835.0947368421056,17.394736842105264,86.67105263157895,21.36842105263158,88.58947368421057,21.315789473684212,94.19473684210527,100.7157894736842,38.728947368421046,30.79473684210527,31.59815789473684,947.3368421052638,6736.842105263158,5442,5435,5272,170.0,5278,157.0,12397175.0,10877,86,2020-04-06,89.7453,6169270,68742,9,Republican,Republican,MO,Midwest,West North Central,,,,,,,,,,,,,,,,,,,,,,,
57,57,2020-02-27,38.23570175,-92.29351144444445,249.88722222222225,32.66388888888889,23.66666666666667,576.0944444444445,22.33333333333333,4763.738888888888,13.527777777777779,826.8388888888892,17.86111111111111,92.48333333333336,21.66666666666667,89.06111111111116,21.527777777777782,96.125,129.05833333333334,45.50555555555556,22.436111111111106,2.786388888888889,944.4166666666672,333.3333333333333,5442,5435,5272,170.0,5278,157.0,12397175.0,10877,86,2020-04-06,89.7453,6169270,68742,9,Republican,Republican,MO,Midwest,West North Central,,,,,,,,,,,,,,,,,,,,,,,
58,58,2020-02-28,38.258946459459466,-92.31808891891892,249.55054054054062,38.813513513513506,23.459459459459463,568.372972972973,22.135135135135137,4903.7675675675655,12.783783783783786,856.9243243243246,17.45945945945946,89.69999999999996,21.45945945945946,87.59459459459455,21.486486486486488,95.19729729729728,102.31081081081079,51.16486486486487,28.367567567567573,24.330270270270272,999.9000000000008,13108.108108108108,5442,5435,5272,170.0,5278,157.0,12397175.0,10877,86,2020-04-06,89.7453,6169270,68742,9,Republican,Republican,MO,Midwest,West North Central,,,,,,,,,,,,,,,,,,,,,,,
59,59,2020-02-29,38.258946459459466,-92.31808891891892,249.55054054054062,39.55135135135135,23.83783783783784,567.1216216216218,22.540540540540537,4904.972972972972,13.45945945945946,831.5135135135138,17.324324324324323,90.14054054054056,21.89189189189189,85.54594594594592,21.864864864864863,91.25945945945946,469.0675675675675,57.20270270270269,25.664864864864864,2.704054054054054,999.9000000000008,270.27027027027026,5442,5435,5272,170.0,5278,157.0,12397175.0,10877,86,2020-04-06,89.7453,6169270,68742,9,Republican,Republican,MO,Midwest,West North Central,,,,,,,,,,,,,,,,,,,,,,,
60,60,2020-03-01,38.258946459459466,-92.31808891891892,249.55054054054062,52.3027027027027,23.81081081081081,576.3486486486488,22.513513513513512,4898.6486486486465,13.432432432432432,931.083783783784,16.135135135135137,90.23513513513515,21.864864864864863,90.30810810810812,21.83783783783784,97.4054054054054,131.33783783783784,65.20810810810812,43.38918918918919,5.404864864864866,999.9000000000008,1621.891891891892,5442,5435,5272,170.0,5278,157.0,12397175.0,10877,86,2020-04-06,89.7453,6169270,68742,9,Republican,Republican,MO,Midwest,West North Central,,,,,,,,,,,,,,,,,,,,,,,
61,61,2020-03-02,38.23570175,-92.29351144444445,249.88722222222225,50.68333333333334,24.0,595.4194444444443,22.66666666666667,4755.144444444444,11.916666666666664,983.125,18.277777777777782,92.23333333333336,21.972222222222218,88.77777777777777,21.91666666666667,95.40555555555555,292.7583333333333,62.475,40.9,25.13083333333333,999.9000000000008,5559.444444444444,5442,5435,5272,170.0,5278,157.0,12397175.0,10877,86,2020-04-06,89.7453,6169270,68742,9,Republican,Republican,MO,Midwest,West North Central,,,,,,,,,,,,,,,,,,,,,,,
62,62,2020-03-03,38.23570175,-92.29351144444445,249.88722222222225,49.077777777777754,24.0,587.5138888888888,22.66666666666667,4754.786111111111,13.361111111111109,982.4555555555554,18.36111111111111,92.34444444444445,22.0,89.26388888888887,22.0,96.53888888888888,186.07777777777775,61.58888888888888,37.31388888888889,8.403611111111111,999.9000000000008,1945.833333333333,5442,5435,5272,170.0,5278,157.0,12397175.0,10877,86,2020-04-06,89.7453,6169270,68742,9,Republican,Republican,MO,Midwest,West North Central,,,,,,,,,,,,,,,,,,,,,,,
63,63,2020-03-04,38.258946459459466,-92.31808891891892,249.55054054054062,48.137837837837836,23.621621621621625,569.3216216216216,22.324324324324326,4900.332432432429,13.567567567567568,933.883783783784,17.594594594594593,90.14594594594595,21.594594594594593,85.53783783783786,21.594594594594593,92.04864864864864,390.2351351351351,58.175675675675684,37.79459459459459,0.0,999.9000000000008,0.0,5442,5435,5272,170.0,5278,157.0,12397175.0,10877,86,2020-04-06,89.7453,6169270,68742,9,Republican,Republican,MO,Midwest,West North Central,,,,,,,,,,,,,,,,,,,,,,,
64,64,2020-03-05,38.258946459459466,-92.31808891891892,249.55054054054062,46.956756756756775,23.567567567567572,568.2459459459459,22.27027027027027,4902.862162162161,13.405405405405405,856.0243243243245,17.675675675675677,90.23513513513515,21.621621621621625,88.37027027027027,21.594594594594593,99.85945945945944,110.18918918918921,61.04594594594595,34.6027027027027,5.404864864864866,999.9000000000008,810.8108108108107,5442,5435,5272,170.0,5278,157.0,12397175.0,10877,86,2020-04-06,89.7453,6169270,68742,9,Republican,Republican,MO,Midwest,West North Central,,,,,,,,,,,,,,,,,,,,,,,
65,65,2020-03-06,38.258946459459466,-92.31808891891892,249.55054054054062,44.005405405405405,23.513513513513512,561.5864864864864,22.216216216216218,4908.683783783783,13.594594594594595,674.4594594594594,17.567567567567572,90.23243243243245,21.540540540540537,89.93243243243244,21.486486486486488,96.7864864864865,132.52702702702712,55.535135135135135,33.16216216216217,2.7024324324324325,999.9000000000008,270.27027027027026,5442,5435,5272,170.0,5278,157.0,12397175.0,10877,86,2020-04-06,89.7453,6169270,68742,9,Republican,Republican,MO,Midwest,West North Central,,,,,,,,,,,,,,,,,,,,,,,
66,66,2020-03-07,38.23570175,-92.29351144444445,249.88722222222225,44.50277777777778,24.0,575.8555555555557,22.66666666666667,4767.808333333332,13.972222222222221,749.1361111111112,18.13888888888889,92.34722222222223,22.0,89.59166666666668,21.86111111111111,96.23055555555555,211.55277777777766,63.047222222222224,30.527777777777768,2.7775,999.9000000000008,277.77777777777777,5442,5435,5272,170.0,5278,157.0,12397175.0,10877,86,2020-04-06,89.7453,6169270,68742,9,Republican,Republican,MO,Midwest,West North Central,0.0,,,,,,,,,,9a6811180ce7cb71ab44738976d76cc4d0c0367c,2020-03-07T21:00:00Z,,,0.0,0.0,0.0,29.0,,,,,
67,67,2020-03-08,38.23570175,-92.29351144444445,249.88722222222225,53.88055555555556,23.972222222222218,580.3527777777779,22.63888888888889,4763.616666666665,13.944444444444445,827.2861111111113,18.13888888888889,92.36944444444448,21.91666666666667,93.87222222222219,21.88888888888889,101.53888888888888,109.77777777777777,70.25833333333333,40.21388888888888,0.0,999.9000000000008,0.0,5442,5435,5272,170.0,5278,157.0,12397175.0,10877,86,2020-04-06,89.7453,6169270,68742,9,Republican,Republican,MO,Midwest,West North Central,1.0,,,,,,,,,,61c8364771bfe55687a47ce4650d8614e697d7ca,2020-03-08T20:00:00Z,,,1.0,1.0,1.0,29.0,0.0,0.0,0.0,1.0,1.0
68,68,2020-03-09,38.27273734210528,-92.35708657894736,249.3834210526316,55.72368421052632,23.28947368421053,566.9842105263158,22.02631578947368,5036.221052631579,11.31578947368421,858.2842105263161,17.710526315789473,86.54736842105267,21.34210526315789,89.99210526315795,21.34210526315789,96.50789473684208,105.4921052631579,65.00526315789476,47.91842105263157,34.352105263157895,999.9000000000008,8947.894736842105,5442,5435,5272,170.0,5278,157.0,12397175.0,10877,86,2020-04-06,89.7453,6169270,68742,9,Republican,Republican,MO,Midwest,West North Central,1.0,,,,,,,,,,2ae8fc33a8f32d0393f6509589e5aa2db017a1a7,2020-03-09T20:00:00Z,,,1.0,1.0,1.0,29.0,0.0,0.0,0.0,0.0,0.0
69,69,2020-03-10,38.2504935945946,-92.33422735135136,249.7064864864865,44.82162162162162,23.783783783783782,578.9324324324323,22.486486486486488,4905.083783783783,11.027027027027025,831.2270270270271,18.35135135135135,89.72702702702702,21.83783783783784,88.40540540540543,21.72972972972973,95.86216216216215,103.43243243243242,57.521621621621605,37.46486486486487,27.39837837837837,999.9000000000008,9729.72972972973,5442,5435,5272,170.0,5278,157.0,12397175.0,10877,86,2020-04-06,89.7453,6169270,68742,9,Republican,Republican,MO,Midwest,West North Central,1.0,,,,,,,,,,1c34a0d3912ffb4d44146d0a8411b013fe7248fc,2020-03-10T20:00:00Z,,,1.0,1.0,1.0,29.0,0.0,0.0,0.0,0.0,0.0
70,70,2020-03-11,38.23348267567569,-92.38176837837841,249.7802702702704,49.03513513513514,22.513513513513512,580.7648648648649,21.216216216216214,4902.17027027027,12.162162162162161,854.9648648648648,17.486486486486488,88.82162162162163,20.513513513513512,84.95135135135133,20.513513513513512,91.18918918918921,736.1378378378383,64.32702702702703,39.12702702702703,13.553243243243244,999.9000000000008,3786.4864864864867,5442,5435,5272,170.0,5278,157.0,12397175.0,10877,86,2020-04-06,89.7453,6169270,68742,9,Republican,Republican,MO,Midwest,West North Central,1.0,,,,,,,,,,f38403847cc3922fa5b7b5f616f4398deb2e6827,2020-03-11T20:00:00Z,,,1.0,1.0,1.0,29.0,0.0,0.0,0.0,0.0,0.0
71,71,2020-03-12,38.23348267567569,-92.38176837837841,249.7802702702704,54.85675675675675,23.27027027027027,588.1081081081082,21.91891891891892,4896.864864864864,11.0,983.0162162162168,17.432432432432428,88.13243243243244,21.324324324324323,87.32432432432432,21.324324324324323,97.88378378378376,132.5918918918919,67.43513513513514,45.605405405405406,24.42216216216216,999.9000000000008,40005.13513513513,5442,5435,5272,170.0,5278,157.0,12397175.0,10877,86,2020-04-06,89.7453,6169270,68742,9,Republican,Republican,MO,Midwest,West North Central,1.0,64.0,,,,,,,,,5b415b8bf401db354d5f6a778e699e7eb170976d,2020-03-12T20:00:00Z,,,65.0,65.0,65.0,29.0,0.0,0.0,64.0,0.0,64.0
72,72,2020-03-13,38.23348267567569,-92.38176837837841,249.7802702702704,46.7864864864865,23.324324324324326,572.4,22.027027027027025,4904.916216216216,13.135135135135135,831.256756756757,18.10810810810811,90.21081081081086,21.37837837837838,88.5945945945946,21.432432432432428,95.15135135135135,181.53243243243242,60.73243243243244,38.53243243243243,8.249189189189185,999.9000000000008,4054.3243243243237,5442,5435,5272,170.0,5278,157.0,12397175.0,10877,86,2020-04-06,89.7453,6169270,68742,9,Republican,Republican,MO,Midwest,West North Central,2.0,71.0,,,,,,,,,4d53392cae812d4039af40a07e38bc5fe77212fb,2020-03-13T20:00:00Z,,,73.0,73.0,73.0,29.0,0.0,0.0,7.0,1.0,8.0
73,73,2020-03-14,38.2095306388889,-92.35895977777778,250.1233333333333,40.69166666666668,23.11111111111111,587.5138888888888,21.777777777777782,4765.902777777777,11.111111111111109,746.4694444444444,18.61111111111111,90.88611111111112,21.11111111111111,90.96944444444449,21.25,96.93888888888891,157.80000000000004,45.538888888888884,37.18888888888889,33.561388888888885,999.9000000000008,12056.944444444443,5442,5435,5272,170.0,5278,157.0,12397175.0,10877,86,2020-04-06,89.7453,6169270,68742,9,Republican,Republican,MO,Midwest,West North Central,4.0,90.0,,,,,,,,,5220c08925c1338bbc1ababb24afaf6558a68b9c,2020-03-14T20:00:00Z,0.0,,94.0,94.0,94.0,29.0,0.0,0.0,19.0,2.0,21.0
74,74,2020-03-15,38.2095306388889,-92.35895977777778,250.1233333333333,37.34722222222221,24.0,586.7777777777778,22.66666666666667,4769.258333333332,12.416666666666664,611.975,18.25,91.96666666666668,22.0,90.96111111111112,21.91666666666667,94.54166666666666,263.4666666666667,40.64444444444445,34.9861111111111,11.34444444444444,999.9000000000008,2611.1111111111113,5442,5435,5272,170.0,5278,157.0,12397175.0,10877,86,2020-04-06,89.7453,6169270,68742,9,Republican,Republican,MO,Midwest,West North Central,5.0,122.0,,,,,,,,,5ad3d82f98f7d9f284ef9895cb6f8e76d23c7f34,2020-03-15T20:00:00Z,0.0,,127.0,127.0,127.0,29.0,0.0,0.0,32.0,1.0,33.0
75,75,2020-03-16,38.2095306388889,-92.35895977777778,250.1233333333333,39.37222222222223,23.86111111111111,589.2805555555552,22.527777777777782,4765.627777777776,11.472222222222221,773.7527777777777,18.08333333333333,91.075,21.86111111111111,87.025,21.805555555555557,91.13888888888891,890.6083333333339,45.075,36.34166666666668,33.35972222222222,999.9000000000008,9000.833333333334,5442,5435,5272,170.0,5278,157.0,12397175.0,10877,86,2020-04-06,89.7453,6169270,68742,9,Republican,Republican,MO,Midwest,West North Central,6.0,164.0,,,,,,,,,ef353ee3f27c62c9da40b468889b6e5f7873daf2,2020-03-16T20:00:00Z,0.0,,170.0,170.0,170.0,29.0,0.0,0.0,42.0,1.0,43.0
76,76,2020-03-17,38.2095306388889,-92.35895977777778,250.1233333333333,45.12222222222222,23.66666666666667,594.2638888888888,22.33333333333333,4764.494444444445,10.5,828.0916666666669,18.11111111111111,90.57777777777781,21.66666666666667,87.4027777777778,21.63888888888889,92.0666666666667,835.7694444444447,52.30277777777778,41.191666666666656,16.80444444444444,999.9000000000008,15557.777777777776,5442,5435,5272,170.0,5278,157.0,12397175.0,10877,86,2020-04-06,89.7453,6169270,68742,9,Republican,Republican,MO,Midwest,West North Central,8.0,207.0,,,,,,,,,54626aca3649c044d3040c7e2016a1ad31c9785e,2020-03-17T20:00:00Z,0.0,,215.0,215.0,215.0,29.0,0.0,0.0,43.0,2.0,45.0
77,77,2020-03-18,38.2095306388889,-92.35895977777778,250.1233333333333,51.666666666666686,23.33333333333333,600.8833333333333,22.0,4760.266666666666,10.388888888888891,850.3083333333334,17.63888888888889,91.14166666666672,21.33333333333333,89.14166666666668,21.277777777777782,93.81666666666668,564.0333333333333,63.538888888888884,45.08611111111111,30.691111111111113,999.9000000000008,11695.833333333336,5442,5435,5272,170.0,5278,157.0,12397175.0,10877,86,2020-04-06,89.7453,6169270,68742,9,Republican,Republican,MO,Midwest,West North Central,13.0,253.0,,,,,,,,,494c3a4a7f0b3d056f0796c5451a94a65db87f24,2020-03-18T20:00:00Z,0.0,,266.0,266.0,266.0,29.0,0.0,0.0,46.0,5.0,51.0
78,78,2020-03-19,38.2095306388889,-92.35895977777778,250.1233333333333,61.8888888888889,21.555555555555557,611.4944444444443,20.222222222222218,4756.752777777776,9.611111111111109,929.5583333333336,16.77777777777778,90.84722222222223,19.555555555555557,91.26944444444445,19.75,99.56111111111109,107.95833333333334,70.06666666666666,54.74722222222222,33.72916666666667,999.9000000000008,48059.72222222222,5442,5435,5272,170.0,5278,157.0,12397175.0,10877,86,2020-04-06,89.7453,6169270,68742,9,Republican,Republican,MO,Midwest,West North Central,24.0,308.0,,,,,,,,,cfedb6ca7d4cf450995815dfbcb4faa2d8786564,2020-03-19T20:00:00Z,1.0,,332.0,332.0,332.0,29.0,1.0,0.0,55.0,11.0,66.0
79,79,2020-03-20,38.23570175,-92.29351144444445,249.88722222222225,51.547222222222224,23.472222222222218,597.9861111111109,22.13888888888889,4761.0694444444425,12.111111111111109,852.4861111111113,17.805555555555557,92.18055555555556,21.472222222222218,94.475,21.416666666666668,101.25277777777778,136.41111111111115,343.3055555555555,313.88333333333327,19.892777777777773,999.9000000000008,5306.944444444444,5442,5435,5272,170.0,5278,157.0,12397175.0,10877,86,2020-04-06,89.7453,6169270,68742,9,Republican,Republican,MO,Midwest,West North Central,47.0,369.0,,,,,,,,,4b0f45177c6372badaf3fc3cd21353d7cc037f86,2020-03-20T20:00:00Z,1.0,,416.0,416.0,416.0,29.0,0.0,0.0,61.0,23.0,84.0
80,80,2020-03-21,38.258946459459466,-92.31808891891892,249.55054054054062,37.062162162162146,23.91891891891892,565.6243243243242,22.621621621621625,4910.5297297297275,13.189189189189188,622.3810810810812,17.64864864864865,90.24054054054054,21.97297297297297,86.08108108108108,21.91891891891892,90.45405405405405,707.7702702702704,48.54054054054054,29.370270270270282,0.0005405405405405405,999.9000000000008,0.0,5442,5435,5272,170.0,5278,157.0,12397175.0,10877,86,2020-04-06,89.7453,6169270,68742,9,Republican,Republican,MO,Midwest,West North Central,73.0,369.0,,,,,,,,,4c5ecaada5fac9b16c463e5e42cff715b3ad3efb,2020-03-21T20:00:00Z,3.0,,442.0,442.0,442.0,29.0,2.0,0.0,0.0,26.0,26.0
81,81,2020-03-22,38.258946459459466,-92.31808891891892,249.55054054054062,39.17027027027027,23.64864864864865,571.9756756756757,22.324324324324326,4906.575675675674,11.378378378378383,779.164864864865,17.324324324324323,88.71891891891893,21.702702702702698,87.73783783783784,21.702702702702698,92.52972972972972,363.6216216216216,45.597297297297295,34.34594594594593,32.47891891891892,999.9000000000008,17459.45945945946,5442,5435,5272,170.0,5278,157.0,12397175.0,10877,86,2020-04-06,89.7453,6169270,68742,9,Republican,Republican,MO,Midwest,West North Central,90.0,369.0,,,,,,,,,4ccad6d58d6ff133d8f62d55cdee11096e9c76c3,2020-03-22T20:00:00Z,3.0,,459.0,459.0,459.0,29.0,0.0,0.0,0.0,17.0,17.0
82,82,2020-03-23,38.258946459459466,-92.31808891891892,249.55054054054062,44.491891891891896,23.540540540540537,579.4648648648649,22.18918918918919,4903.691891891891,9.91891891891892,829.9675675675677,17.45945945945946,87.41081081081086,21.594594594594593,84.69459459459462,21.594594594594593,88.76486486486489,946.6351351351357,52.624324324324334,40.08378378378379,10.96081081081081,999.9000000000008,40567.56756756757,5442,5435,5272,170.0,5278,157.0,12397175.0,10877,86,2020-04-06,89.7453,6169270,68742,9,Republican,Republican,MO,Midwest,West North Central,183.0,369.0,,,,,,,,,d451a8053ea326216b31c935b674d0457532b596,2020-03-23T20:00:00Z,3.0,,552.0,552.0,552.0,29.0,0.0,0.0,0.0,93.0,93.0
83,83,2020-03-24,38.258946459459466,-92.31808891891892,249.55054054054062,45.76216216216217,23.81081081081081,580.7648648648648,22.432432432432428,4900.872972972972,10.486486486486486,907.0675675675676,17.567567567567572,88.32162162162163,21.864864864864863,87.7189189189189,21.81081081081081,93.2837837837838,231.1405405405405,51.940540540540546,41.67027027027026,32.453243243243236,999.9000000000008,11354.594594594597,5442,5435,5272,170.0,5278,157.0,12397175.0,10877,86,2020-04-06,89.7453,6169270,68742,9,Republican,Republican,MO,Midwest,West North Central,183.0,369.0,,,,,,,,,9e947531084071a07ed377efd8d57dac769fed9f,2020-03-24T20:00:00Z,3.0,,552.0,552.0,552.0,29.0,0.0,0.0,0.0,0.0,0.0
84,84,2020-03-25,38.258946459459466,-92.31808891891892,249.55054054054062,49.43783783783783,23.756756756756765,583.0891891891893,22.459459459459463,4899.343243243241,10.945945945945946,932.6621621621623,17.567567567567572,87.81891891891891,21.81081081081081,87.05675675675677,21.783783783783782,93.00810810810812,257.09459459459464,64.78378378378376,43.1972972972973,2.9786486486486483,999.9000000000008,38918.91891891892,5442,5435,5272,170.0,5278,157.0,12397175.0,10877,86,2020-04-06,89.7453,6169270,68742,9,Republican,Republican,MO,Midwest,West North Central,356.0,369.0,,,,,,,,,f7ac8ac4376125f549f2d3237af885e7effab1b5,2020-03-25T20:00:00Z,8.0,,725.0,725.0,725.0,29.0,5.0,0.0,0.0,173.0,173.0
85,85,2020-03-26,38.258946459459466,-92.31808891891892,249.55054054054062,59.83513513513513,23.91891891891892,589.2783783783782,22.621621621621625,4895.62972972973,12.972972972972975,982.0000000000003,17.594594594594593,89.60540540540539,21.97297297297297,87.80540540540541,21.97297297297297,92.88648648648649,391.10540540540535,76.43243243243244,48.90270270270268,0.00027027027027027033,999.9000000000008,16756.756756756757,5442,5435,5272,170.0,5278,157.0,12397175.0,10877,86,2020-04-06,89.7453,6169270,68742,9,Republican,Republican,MO,Midwest,West North Central,502.0,369.0,,,,,,,,,5d322e752d7a1f4672917629e7702c7bc26a93f6,2020-03-26T20:00:00Z,8.0,,871.0,871.0,871.0,29.0,0.0,0.0,0.0,146.0,146.0
86,86,2020-03-27,38.258946459459466,-92.31808891891892,249.55054054054062,63.61081081081081,23.783783783783782,595.0027027027027,22.486486486486488,4894.772972972973,11.675675675675675,981.1567567567571,17.62162162162162,88.85675675675677,21.83783783783784,87.47297297297298,21.756756756756765,93.3702702702703,205.3405405405406,74.63243243243241,55.010810810810796,16.312702702702698,999.9000000000008,8388.648648648648,5442,5435,5272,170.0,5278,157.0,12397175.0,10877,86,2020-04-06,89.7453,6169270,68742,9,Republican,Republican,MO,Midwest,West North Central,669.0,369.0,,,,,,,,,e164635689d048e1c9a7125b8b7fe42bd18dfd3d,2020-03-27T20:00:00Z,8.0,,1038.0,1038.0,1038.0,29.0,0.0,0.0,0.0,167.0,167.0
87,87,2020-03-28,38.258946459459466,-92.31808891891892,249.55054054054062,67.08378378378379,23.864864864864863,596.6540540540541,22.567567567567572,4893.213513513512,11.91891891891892,979.2135135135136,17.702702702702698,88.93513513513514,21.864864864864863,89.95135135135133,21.83783783783784,101.1297297297297,110.9864864864865,75.02702702702705,61.31621621621621,32.51081081081081,999.9000000000008,24870.27027027027,5442,5435,5272,170.0,5278,157.0,12397175.0,10877,86,2020-04-06,89.7453,6169270,68742,9,Republican,Republican,MO,Midwest,West North Central,838.0,10082.0,,,,,,,,,e3f4b93a6ae042958eb8189a70db6a5157dcbfbe,2020-03-28T20:00:00Z,10.0,,10920.0,10920.0,10920.0,29.0,2.0,0.0,9713.0,169.0,9882.0
88,88,2020-03-29,38.258946459459466,-92.31808891891892,249.55054054054062,57.96216216216216,23.540540540540537,575.2243243243245,21.94594594594595,5141.1486486486465,12.702702702702705,958.5810810810813,17.35135135135135,90.24594594594595,21.594594594594593,94.672972972973,21.594594594594593,101.11351351351351,112.127027027027,69.50000000000001,47.305405405405395,5.498378378378379,999.9000000000008,1351.6216216216214,5442,5435,5272,170.0,5278,157.0,12397175.0,10877,86,2020-04-06,89.7453,6169270,68742,9,Republican,Republican,MO,Midwest,West North Central,838.0,11547.0,,,,,,,,,c9427dccdae92e441cee6fbb2787ea3a231dc686,2020-03-29T20:00:00Z,10.0,,12385.0,12385.0,12385.0,29.0,0.0,0.0,1465.0,0.0,1465.0
89,89,2020-03-30,38.258946459459466,-92.31808891891892,249.55054054054062,54.770270270270274,23.621621621621625,573.8810810810811,22.324324324324326,4903.905405405405,13.08108108108108,830.4945945945947,17.18918918918919,90.22162162162165,21.64864864864865,84.40540540540539,21.567567567567572,88.98108108108109,893.9702702702707,67.42972972972973,40.589189189189185,2.7024324324324325,999.9000000000008,810.8108108108107,5442,5435,5272,170.0,5278,157.0,12397175.0,10877,86,2020-04-06,89.7453,6169270,68742,9,Republican,Republican,MO,Midwest,West North Central,1031.0,13204.0,,,,,,,,,932b312edc6f1709cc6feaa4afd9e492c17be555,2020-03-30T20:00:00Z,13.0,,14235.0,14235.0,14235.0,29.0,3.0,0.0,1657.0,193.0,1850.0
90,90,2020-03-31,38.258946459459466,-92.31808891891892,249.55054054054062,55.405405405405396,23.97297297297297,576.4810810810812,22.675675675675677,4900.92162162162,13.162162162162161,934.9216216216215,17.27027027027027,89.8837837837838,22.027027027027025,86.02162162162163,21.94594594594595,92.71891891891892,151.4,65.35405405405405,46.01351351351353,16.292432432432435,999.9000000000008,3513.5135135135133,5442,5435,5272,170.0,5278,157.0,12397175.0,10877,86,2020-04-06,89.7453,6169270,68742,9,Republican,Republican,MO,Midwest,West North Central,1327.0,14614.0,,,,,,,,,4fc56f79bf2224a97947093ebb74ae8bf0a5c36f,2020-03-31T20:00:00Z,14.0,,15941.0,15941.0,15941.0,29.0,1.0,0.0,1410.0,296.0,1706.0
91,91,2020-04-01,38.258946459459466,-92.31808891891892,249.55054054054062,53.056756756756755,23.83783783783784,577.4621621621621,22.540540540540537,4900.691891891891,13.135135135135135,880.3945945945948,16.0,90.1162162162162,21.89189189189189,85.68648648648647,21.83783783783784,91.03783783783787,548.7324324324323,67.6297297297297,40.31351351351352,0.026486486486486487,999.9000000000008,270.27027027027026,5442,5435,5272,170.0,5278,157.0,12397175.0,10877,86,2020-04-06,89.7453,6169270,68742,9,Republican,Republican,MO,Midwest,West North Central,1581.0,15846.0,,,,,,,,,dc97aa93ab282b95a3c23db92cd5efdf0b46ac22,2020-04-01T20:00:00Z,18.0,,17427.0,17427.0,17427.0,29.0,4.0,0.0,1232.0,254.0,1486.0
92,92,2020-04-02,38.258946459459466,-92.31808891891892,249.55054054054062,59.456756756756754,23.91891891891892,580.6297297297295,22.621621621621625,5143.2270270270255,12.567567567567568,879.9000000000002,17.40540540540541,90.22702702702705,21.97297297297297,89.66216216216213,21.94594594594595,96.18108108108109,156.1351351351351,71.72972972972974,49.924324324324324,13.538648648648651,999.9000000000008,4057.027027027027,5442,5435,5272,170.0,5278,157.0,12397175.0,10877,86,2020-04-06,89.7453,6169270,68742,9,Republican,Republican,MO,Midwest,West North Central,1834.0,17849.0,,,,,,,,,db61b660ddb54194c33a182e92605bcbeccb7e37,2020-04-02T20:00:00Z,19.0,,19683.0,19683.0,19683.0,29.0,1.0,0.0,2003.0,253.0,2256.0
93,93,2020-04-03,38.258946459459466,-92.31808891891892,249.55054054054062,53.65675675675676,24.0,581.6918918918918,22.675675675675677,4901.06216216216,11.783783783783786,908.1621621621623,17.675675675675677,89.66216216216219,22.05405405405405,88.01621621621622,21.97297297297297,93.61891891891891,285.0756756756757,68.0891891891892,40.724324324324336,32.468378378378375,999.9000000000008,9083.513513513511,5442,5435,5272,170.0,5278,157.0,12397175.0,10877,86,2020-04-06,89.7453,6169270,68742,9,Republican,Republican,MO,Midwest,West North Central,2113.0,19357.0,,,,,,,,,4b8f07be28b3788c1fbf8838dfb55730f628b262,2020-04-03T20:00:00Z,19.0,,21470.0,21470.0,21470.0,29.0,0.0,0.0,1508.0,279.0,1787.0
94,94,2020-04-04,38.258946459459466,-92.31808891891892,249.55054054054062,39.36216216216216,23.94594594594595,574.710810810811,22.378378378378375,4903.9486486486485,10.91891891891892,830.2783783783784,17.81081081081081,89.08108108108111,22.0,87.93513513513511,21.89189189189189,92.22972972972971,495.77567567567564,48.62162162162162,35.478378378378366,21.737567567567567,999.9000000000008,12027.027027027028,5442,5435,5272,170.0,5278,157.0,12397175.0,10877,86,2020-04-06,89.7453,6169270,68742,9,Republican,Republican,MO,Midwest,West North Central,2291.0,22614.0,,413.0,,,,,,,1de6d799527bb662b4f811d06062ae19798cf39c,2020-04-04T20:00:00Z,24.0,,24905.0,24905.0,24905.0,29.0,5.0,0.0,3257.0,178.0,3435.0
95,95,2020-04-05,38.258946459459466,-92.31808891891892,249.55054054054062,46.1918918918919,23.864864864864863,578.8459459459459,22.567567567567572,4903.116216216215,11.486486486486484,856.2621621621623,17.83783783783784,89.11621621621624,21.91891891891892,84.06216216216217,21.89189189189189,88.36756756756756,893.6972972972978,58.05945945945947,38.95675675675675,2.7162162162162162,999.9000000000008,4054.054054054054,5442,5435,5272,170.0,5278,157.0,12397175.0,10877,86,2020-04-06,89.7453,6169270,68742,9,Republican,Republican,MO,Midwest,West North Central,2367.0,24882.0,,424.0,,,,,,,434ac4b9d0cbd2143af60703aa3aedc944b8ed77,2020-04-05T20:00:00Z,34.0,,27249.0,27249.0,27249.0,29.0,10.0,0.0,2268.0,76.0,2344.0
96,96,2020-04-06,38.23570175,-92.29351144444445,249.88722222222225,57.780555555555544,24.0,603.9611111111111,22.305555555555557,4759.544444444444,12.527777777777779,877.7361111111113,18.277777777777782,91.72222222222223,22.0,89.04444444444448,21.972222222222218,94.88888888888887,237.04444444444442,72.47222222222223,46.586111111111116,5.556388888888888,999.9000000000008,3611.111111111111,5442,5435,5272,170.0,5278,157.0,12397175.0,10877,86,2020-04-06,89.7453,6169270,68742,9,Republican,Republican,MO,Midwest,West North Central,2722.0,27113.0,,439.0,,,,,,,44876cfa047477bbea2f3887d3c012b5e9eb4d65,2020-04-06T20:00:00Z,39.0,,29835.0,29835.0,29835.0,29.0,5.0,0.0,2231.0,355.0,2586.0
97,97,2020-04-07,38.23570175,-92.29351144444445,249.88722222222225,69.11944444444445,23.972222222222218,611.6694444444444,22.63888888888889,4755.666666666665,13.027777777777779,956.3694444444444,18.166666666666668,92.43333333333334,21.972222222222218,90.74722222222222,21.944444444444446,96.31388888888887,156.85833333333338,81.50277777777775,59.52777777777776,2.7780555555555555,999.9000000000008,277.77777777777777,5442,5435,5272,170.0,5278,157.0,12397175.0,10877,86,2020-04-06,89.7453,6169270,68742,9,Republican,Republican,MO,Midwest,West North Central,3037.0,28932.0,,508.0,,,,,,,a3d2d6a3042c80afb487dfd2d4a7897fe0edee76,2020-04-07T20:00:00Z,53.0,,31969.0,31969.0,31969.0,29.0,14.0,0.0,1819.0,315.0,2134.0
98,98,2020-04-08,38.23570175,-92.29351144444445,249.88722222222225,72.02222222222224,23.777777777777782,611.188888888889,22.444444444444446,4753.619444444443,12.972222222222221,981.6250000000003,18.055555555555557,91.40277777777777,21.805555555555557,88.76388888888891,21.66666666666667,99.80555555555556,135.65,87.95000000000002,58.12500000000002,5.556944444444443,999.9000000000008,26668.33333333333,5442,5435,5272,170.0,5278,157.0,12397175.0,10877,86,2020-04-06,89.7453,6169270,68742,9,Republican,Republican,MO,Midwest,West North Central,3327.0,30783.0,,519.0,,,,,,,d610dbf95f9ce914e35925513bd27000667a1dd5,2020-04-08T20:00:00Z,58.0,,34110.0,34110.0,34110.0,29.0,5.0,0.0,1851.0,290.0,2141.0
99,99,2020-04-09,38.2738964,-92.37156177142856,254.2837142857143,55.637142857142855,23.857142857142854,602.9085714285715,22.485714285714284,4608.5085714285715,14.228571428571426,986.9057142857142,18.88571428571429,94.81428571428572,21.8,95.64571428571432,21.771428571428565,106.06,116.34,74.0885714285714,42.73714285714287,5.729428571428571,999.9000000000008,2001.4285714285716,5442,5435,5272,170.0,5278,157.0,12397175.0,10877,86,2020-04-06,89.7453,6169270,68742,9,Republican,Republican,MO,Midwest,West North Central,3539.0,34955.0,,568.0,,,,,,,b97f337b09235d8410b8c2a2f9d134d4d38e89f3,2020-04-09T20:00:00Z,77.0,,38494.0,38494.0,38494.0,29.0,19.0,0.0,4172.0,212.0,4384.0
100,100,2020-04-10,38.378121666666665,-92.47239533333335,259.8566666666666,45.09666666666668,6.133333333333334,685.6,5.866666666666666,3713.253333333333,4.166666666666667,855.3066666666666,5.866666666666666,108.94666666666667,5.666666666666668,77.18,5.866666666666666,82.27333333333333,90.10333333333332,51.67666666666666,39.16,0.0,999.9000000000003,0.0,5442,5435,5272,170.0,5278,157.0,12397175.0,10877,86,2020-04-06,89.7453,6169270,68742,9,Republican,Republican,MO,Midwest,West North Central,3799.0,36941.0,,568.0,,,,,,,a7977b08cbff8551ece14b94762e1df5c225dbac,2020-04-10T20:00:00Z,96.0,,40740.0,40740.0,40740.0,29.0,19.0,0.0,1986.0,260.0,2246.0
